{
  "version": 1,
  "author": "crabby605 - Hack Club",
  "editor": "Vihaan Pingalkar",
  "parts": [
    { "type": "board-pi-pico-w", "id": "pico", "top": 35.15, "left": 13.15, "attrs": {} },
    {
      "type": "wokwi-max7219-matrix",
      "id": "wokwi-max7219-matrix-0",
      "top": 384.6,
      "left": 224.61,
      "attrs": {}
    },
    { "type": "wokwi-lcd1602", "id": "wokwi-lcd1602-0", "top": -169.37, "left": -32, "attrs": {} },
    {
      "type": "wokwi-ntc-temperature-sensor",
      "id": "wokwi-ntc-temperature-sensor-0",
      "top": 165.8,
      "left": -192.6,
      "attrs": {}
    },
    {
      "type": "wokwi-photoresistor-sensor",
      "id": "wokwi-photoresistor-sensor-0",
      "top": 272,
      "left": -200.8,
      "attrs": {}
    },
    {
      "type": "board-ssd1306",
      "id": "board-ssd1306-0",
      "top": 31.94,
      "left": -182.17,
      "attrs": {}
    },
    {
      "type": "wokwi-pir-motion-sensor",
      "id": "wokwi-pir-motion-sensor-0",
      "top": 388,
      "left": 347.82,
      "attrs": {}
    },
    { "type": "wokwi-ds1307", "id": "wokwi-ds1307-0", "top": 455.4, "left": -57.5, "attrs": {} },
    { "type": "wokwi-dht22", "id": "wokwi-dht22-0", "top": 9.9, "left": 148.2, "attrs": {} }
  ],
  "connections": [
    [ "pico:GP0", "$serialMonitor:RX", "green", [ "h0" ] ],
    [ "pico:GP1", "$serialMonitor:TX", "green", [ "h0" ] ],
    [ "wokwi-max7219-matrix-0:DIN", "pico:GP3", "blue", [ "h1" ] ],
    [ "wokwi-max7219-matrix-0:CS", "pico:GP4", "yellow", [ "h1" ] ],
    [ "wokwi-max7219-matrix-0:CLK", "pico:GP2", "red", [ "h1" ] ],
    [ "wokwi-lcd1602-0:SDA", "pico:GP8", "green", [ "h2" ] ],
    [ "wokwi-lcd1602-0:SCL", "pico:GP9", "yellow", [ "h2" ] ],
    [ "wokwi-ntc-temperature-sensor-0:SIG", "pico:GP28", "blue", [ "h3" ] ],
    [ "wokwi-photoresistor-sensor-0:SIG", "pico:GP26", "blue", [ "h4" ] ],
    [ "board-ssd1306-0:SDA", "pico:GP8", "green", [ "h2" ] ],
    [ "board-ssd1306-0:SCL", "pico:GP9", "yellow", [ "h2" ] ],
    [ "wokwi-pir-motion-sensor-0:OUT", "pico:GP7", "orange", [ "h5" ] ],
    [ "wokwi-ds1307-0:SDA", "pico:GP8", "green", [ "h163.2", "v-345.9" ] ],
    [ "wokwi-ds1307-0:SCL", "pico:GP9", "yellow", [ "h-144", "v384.2" ] ],
    [ "wokwi-dht22-0:DATA", "pico:GP6", "blue", [ "h6" ] ],
    [ "wokwi-dht22-0:VCC", "pico:3V3", "red", [ "vcc" ] ],
    [ "wokwi-dht22-0:GND", "pico:GND", "black", [ "gnd" ] ],
    [ "wokwi-lcd1602-0:VCC", "pico:3V3", "red", [ "vcc" ] ],
    [ "wokwi-lcd1602-0:GND", "pico:GND", "black", [ "gnd" ] ],
    [ "wokwi-max7219-matrix-0:VCC", "pico:3V3", "red", [ "vcc" ] ],
    [ "wokwi-max7219-matrix-0:GND", "pico:GND", "black", [ "gnd" ] ],
    [ "board-ssd1306-0:VCC", "pico:3V3", "red", [ "vcc" ] ],
    [ "board-ssd1306-0:GND", "pico:GND", "black", [ "gnd" ] ],
    [ "wokwi-ntc-temperature-sensor-0:OUT", "pico:GP14", "green", [ "h86.4", "v-0.1" ] ],
    [ "wokwi-ntc-temperature-sensor-0:VCC", "pico:3V3", "red", [ "vcc" ] ],
    [ "wokwi-ntc-temperature-sensor-0:GND", "pico:GND", "black", [ "gnd" ] ],
    [ "wokwi-photoresistor-sensor-0:GND", "pico:GND", "black", [ "gnd" ] ],
    [ "wokwi-photoresistor-sensor-0:VCC", "pico:3V3", "red", [ "vcc" ] ],
    [ "wokwi-photoresistor-sensor-0:DO", "pico:GP15", "green", [ "h0" ] ],
    [ "wokwi-photoresistor-sensor-0:AO", "pico:GP11", "green", [ "h0" ] ],
    [ "wokwi-ds1307-0:GND", "pico:GND", "black", [ "gnd" ] ],
    [ "wokwi-ds1307-0:5V", "pico:3V3", "red", [ "vcc" ] ],
    [ "wokwi-max7219-matrix-0:CS", "pico:GP19", "green", [ "h0" ] ],
    [ "wokwi-max7219-matrix-0:DOUT", "pico:GP22", "green", [ "h-140.21", "v-192" ] ],
    [ "wokwi-max7219-matrix-0:VCC", "pico:3V3", "green", [ "v0" ] ],
    [ "wokwi-max7219-matrix-0:CLK", "pico:GP20", "green", [ "h-82.61", "v-86.4" ] ],
    [ "wokwi-max7219-matrix-0:GND", "pico:GND", "black", [ "h0" ] ],
    [ "wokwi-pir-motion-sensor-0:GND", "pico:GND", "black", [ "v0" ] ],
    [ "wokwi-ntc-temperature-sensor-0:GND", "pico:GND.3", "black", [ "h0" ] ],
    [ "wokwi-photoresistor-sensor-0:GND", "pico:GND.3", "black", [ "h0" ] ],
    [ "wokwi-ds1307-0:GND", "pico:GND.3", "black", [ "h0" ] ],
    [ "board-ssd1306-0:GND", "pico:GND.3", "black", [ "v124.8", "h163.2" ] ],
    [ "wokwi-dht22-0:GND", "pico:GND.7", "black", [ "v0" ] ],
    [ "wokwi-dht22-0:SDA", "pico:GP26", "green", [ "v0" ] ],
    [ "board-ssd1306-0:VCC", "pico:3V3_EN", "red", [ "v0" ] ]
  ],
  "dependencies": {}
}